"t0";"tinc";"ta";"n carac";"acertos teste";"% acertos teste";"acertos treino";"% acertos treino"
"0.010000";"0.015000";"0.150000";50;1558;"0.916471";14072;"0.919739"
"0.010000";"0.035000";"0.350000";50;1549;"0.911176";14063;"0.919150"
"0.010000";"0.050000";"0.500000";50;1554;"0.914118";14089;"0.920850"
"0.010000";"0.065000";"0.650000";50;1550;"0.911765";14060;"0.918954"
"0.010000";"0.085000";"0.850000";50;1553;"0.913529";14058;"0.918824"
"0.025000";"0.075000";"0.875000";60;1547;"0.910000";13998;"0.914902"
