t0;tinc;ta;n carac;acertos teste;% acertos teste;acertos treino;% acertos treino
0.010000;0.015000;0.150000;31;1555;0.914706;14026;0.916732
0.010000;0.015000;0.150000;21;